{"meta": {"format": 3, "version": "7.13.1", "timestamp": "2026-01-23T01:39:06.637747", "branch_coverage": false, "show_contexts": false}, "files": {"start_llm.py": {"executed_lines": [1, 2, 3, 4, 5, 6, 7, 8, 9, 10, 11, 12, 13, 18, 19, 22, 25, 28, 30, 32, 33, 34, 36, 37, 38, 39, 40, 41, 42, 43, 44, 45, 46, 49, 55, 56, 57, 58, 59, 62, 63, 64, 66, 68, 69, 76, 78, 80, 81, 82, 83, 84, 85, 86, 87, 88, 89, 94, 95, 96, 99, 100, 102, 104, 105, 106, 107, 108, 109, 110, 112, 114, 115, 116, 117, 120, 122, 124, 125, 126, 127, 129, 130, 137, 150, 272, 281, 368, 370, 371, 372, 373, 374, 375, 377, 379, 380, 381, 389, 391, 392, 393, 394, 395, 398, 400, 401, 402, 403, 404, 406, 420, 423, 424, 425, 426, 431, 432, 433, 434, 435, 437, 446, 447, 448, 454, 459, 463, 497], "summary": {"covered_lines": 129, "num_statements": 379, "percent_covered": 34.03693931398417, "percent_covered_display": "34", "missing_lines": 250, "excluded_lines": 0, "percent_statements_covered": 34.03693931398417, "percent_statements_covered_display": "34"}, "missing_lines": [14, 15, 47, 90, 91, 92, 118, 119, 131, 132, 133, 134, 135, 139, 140, 141, 142, 143, 144, 145, 146, 147, 148, 152, 153, 154, 156, 157, 158, 159, 160, 161, 162, 163, 164, 165, 167, 169, 170, 171, 172, 173, 174, 175, 176, 177, 178, 179, 181, 182, 184, 185, 186, 187, 188, 189, 190, 192, 193, 194, 195, 202, 203, 204, 205, 206, 212, 213, 220, 221, 222, 223, 224, 225, 227, 228, 233, 234, 235, 236, 237, 238, 239, 240, 241, 242, 243, 244, 245, 246, 247, 249, 250, 251, 252, 253, 255, 256, 258, 260, 261, 262, 263, 264, 265, 266, 267, 268, 270, 273, 274, 275, 276, 277, 278, 279, 282, 283, 284, 285, 286, 287, 289, 290, 292, 293, 294, 295, 296, 297, 299, 300, 301, 302, 303, 304, 306, 307, 308, 310, 311, 313, 314, 315, 316, 317, 318, 319, 320, 321, 322, 323, 325, 326, 327, 328, 329, 330, 331, 333, 334, 335, 336, 337, 338, 339, 340, 341, 342, 343, 345, 346, 347, 348, 349, 350, 351, 352, 353, 355, 356, 357, 358, 359, 360, 361, 362, 363, 364, 365, 366, 396, 408, 409, 410, 411, 412, 413, 414, 416, 417, 418, 427, 428, 429, 430, 439, 440, 441, 442, 443, 444, 449, 450, 451, 452, 455, 456, 457, 460, 461, 465, 467, 468, 469, 471, 472, 473, 475, 476, 477, 478, 481, 482, 484, 485, 487, 488, 489, 490, 491, 492, 493, 494, 495, 498, 499, 500, 501, 502], "excluded_lines": [], "functions": {"instance_guard": {"executed_lines": [32, 33, 34, 36, 37, 38, 39, 40, 41, 42, 43, 44, 45, 46], "summary": {"covered_lines": 14, "num_statements": 15, "percent_covered": 93.33333333333333, "percent_covered_display": "93", "missing_lines": 1, "excluded_lines": 0, "percent_statements_covered": 93.33333333333333, "percent_statements_covered_display": "93"}, "missing_lines": [47], "excluded_lines": [], "start_line": 30}, "register_process": {"executed_lines": [68, 69, 76], "summary": {"covered_lines": 3, "num_statements": 3, "percent_covered": 100.0, "percent_covered_display": "100", "missing_lines": 0, "excluded_lines": 0, "percent_statements_covered": 100.0, "percent_statements_covered_display": "100"}, "missing_lines": [], "excluded_lines": [], "start_line": 66}, "check_processes": {"executed_lines": [80, 81, 82, 83, 84, 85, 86, 87, 88, 89, 94, 95, 96], "summary": {"covered_lines": 13, "num_statements": 16, "percent_covered": 81.25, "percent_covered_display": "81", "missing_lines": 3, "excluded_lines": 0, "percent_statements_covered": 81.25, "percent_statements_covered_display": "81"}, "missing_lines": [90, 91, 92], "excluded_lines": [], "start_line": 78}, "get_model_manager": {"executed_lines": [104, 105, 106, 107, 108, 109, 110], "summary": {"covered_lines": 7, "num_statements": 7, "percent_covered": 100.0, "percent_covered_display": "100", "missing_lines": 0, "excluded_lines": 0, "percent_statements_covered": 100.0, "percent_statements_covered_display": "100"}, "missing_lines": [], "excluded_lines": [], "start_line": 102}, "get_cached_voice_service": {"executed_lines": [114, 115, 116, 117, 120], "summary": {"covered_lines": 5, "num_statements": 7, "percent_covered": 71.42857142857143, "percent_covered_display": "71", "missing_lines": 2, "excluded_lines": 0, "percent_statements_covered": 71.42857142857143, "percent_statements_covered_display": "71"}, "missing_lines": [118, 119], "excluded_lines": [], "start_line": 112}, "safe_exit": {"executed_lines": [124, 125, 126, 127], "summary": {"covered_lines": 4, "num_statements": 4, "percent_covered": 100.0, "percent_covered_display": "100", "missing_lines": 0, "excluded_lines": 0, "percent_statements_covered": 100.0, "percent_statements_covered_display": "100"}, "missing_lines": [], "excluded_lines": [], "start_line": 122}, "ZenAIOrchestrator.do_OPTIONS": {"executed_lines": [], "summary": {"covered_lines": 0, "num_statements": 5, "percent_covered": 0.0, "percent_covered_display": "0", "missing_lines": 5, "excluded_lines": 0, "percent_statements_covered": 0.0, "percent_statements_covered_display": "0"}, "missing_lines": [131, 132, 133, 134, 135], "excluded_lines": [], "start_line": 130}, "ZenAIOrchestrator.send_json_response": {"executed_lines": [], "summary": {"covered_lines": 0, "num_statements": 10, "percent_covered": 0.0, "percent_covered_display": "0", "missing_lines": 10, "excluded_lines": 0, "percent_statements_covered": 0.0, "percent_statements_covered_display": "0"}, "missing_lines": [139, 140, 141, 142, 143, 144, 145, 146, 147, 148], "excluded_lines": [], "start_line": 137}, "ZenAIOrchestrator.do_GET": {"executed_lines": [], "summary": {"covered_lines": 0, "num_statements": 86, "percent_covered": 0.0, "percent_covered_display": "0", "missing_lines": 86, "excluded_lines": 0, "percent_statements_covered": 0.0, "percent_statements_covered_display": "0"}, "missing_lines": [152, 153, 154, 156, 157, 158, 159, 160, 161, 162, 163, 164, 165, 167, 169, 170, 171, 172, 173, 174, 175, 176, 177, 178, 179, 181, 182, 184, 185, 186, 187, 188, 189, 190, 192, 193, 194, 195, 202, 203, 204, 205, 206, 212, 213, 220, 221, 222, 223, 224, 225, 227, 228, 233, 234, 235, 236, 237, 238, 239, 240, 241, 242, 243, 244, 245, 246, 247, 249, 250, 251, 252, 253, 255, 256, 258, 260, 261, 262, 263, 264, 265, 266, 267, 268, 270], "excluded_lines": [], "start_line": 150}, "ZenAIOrchestrator.do_GET_updates": {"executed_lines": [], "summary": {"covered_lines": 0, "num_statements": 7, "percent_covered": 0.0, "percent_covered_display": "0", "missing_lines": 7, "excluded_lines": 0, "percent_statements_covered": 0.0, "percent_statements_covered_display": "0"}, "missing_lines": [273, 274, 275, 276, 277, 278, 279], "excluded_lines": [], "start_line": 272}, "ZenAIOrchestrator.do_POST": {"executed_lines": [], "summary": {"covered_lines": 0, "num_statements": 75, "percent_covered": 0.0, "percent_covered_display": "0", "missing_lines": 75, "excluded_lines": 0, "percent_statements_covered": 0.0, "percent_statements_covered_display": "0"}, "missing_lines": [282, 283, 284, 285, 286, 287, 289, 290, 292, 293, 294, 295, 296, 297, 299, 300, 301, 302, 303, 304, 306, 307, 308, 310, 311, 313, 314, 315, 316, 317, 318, 319, 320, 321, 322, 323, 325, 326, 327, 328, 329, 330, 331, 333, 334, 335, 336, 337, 338, 339, 340, 341, 342, 343, 345, 346, 347, 348, 349, 350, 351, 352, 353, 355, 356, 357, 358, 359, 360, 361, 362, 363, 364, 365, 366], "excluded_lines": [], "start_line": 281}, "env_int": {"executed_lines": [370, 371, 372, 373, 374, 375], "summary": {"covered_lines": 6, "num_statements": 6, "percent_covered": 100.0, "percent_covered_display": "100", "missing_lines": 0, "excluded_lines": 0, "percent_statements_covered": 100.0, "percent_statements_covered_display": "100"}, "missing_lines": [], "excluded_lines": [], "start_line": 368}, "build_llama_cmd": {"executed_lines": [379, 380, 381], "summary": {"covered_lines": 3, "num_statements": 3, "percent_covered": 100.0, "percent_covered_display": "100", "missing_lines": 0, "excluded_lines": 0, "percent_statements_covered": 100.0, "percent_statements_covered_display": "100"}, "missing_lines": [], "excluded_lines": [], "start_line": 377},